,name,date_utc,success,rocket
0,FalconSat,2006-03-24 22:30:00+00:00,0,5e9d0d95eda69955f709d1eb
1,DemoSat,2007-03-21 01:10:00+00:00,0,5e9d0d95eda69955f709d1eb
2,Trailblazer,2008-08-03 03:34:00+00:00,0,5e9d0d95eda69955f709d1eb
3,RatSat,2008-09-28 23:15:00+00:00,1,5e9d0d95eda69955f709d1eb
4,RazakSat,2009-07-13 03:35:00+00:00,1,5e9d0d95eda69955f709d1eb
5,Falcon 9 Test Flight,2010-06-04 18:45:00+00:00,1,5e9d0d95eda69973a809d1ec
6,COTS 1,2010-12-08 15:43:00+00:00,1,5e9d0d95eda69973a809d1ec
7,COTS 2,2012-05-22 07:44:00+00:00,1,5e9d0d95eda69973a809d1ec
8,CRS-1,2012-10-08 00:35:00+00:00,1,5e9d0d95eda69973a809d1ec
9,CRS-2,2013-03-01 19:10:00+00:00,1,5e9d0d95eda69973a809d1ec
10,CASSIOPE,2013-09-29 16:00:00+00:00,1,5e9d0d95eda69973a809d1ec
11,SES-8,2013-12-03 22:41:00+00:00,1,5e9d0d95eda69973a809d1ec
12,Thaicom 6,2014-01-06 18:06:00+00:00,1,5e9d0d95eda69973a809d1ec
13,CRS-3,2014-04-18 19:25:00+00:00,1,5e9d0d95eda69973a809d1ec
14,OG-2 Mission 1,2014-07-14 15:15:00+00:00,1,5e9d0d95eda69973a809d1ec
15,AsiaSat 8,2014-08-05 08:00:00+00:00,1,5e9d0d95eda69973a809d1ec
16,AsiaSat 6,2014-09-07 05:00:00+00:00,1,5e9d0d95eda69973a809d1ec
17,CRS-4,2014-09-21 05:52:00+00:00,1,5e9d0d95eda69973a809d1ec
18,CRS-5,2015-01-10 09:47:00+00:00,1,5e9d0d95eda69973a809d1ec
19,DSCOVR,2015-02-11 23:03:00+00:00,1,5e9d0d95eda69973a809d1ec
20,ABS-3A / Eutelsat 115W B,2015-03-02 03:50:00+00:00,1,5e9d0d95eda69973a809d1ec
21,CRS-6,2015-04-14 20:10:00+00:00,1,5e9d0d95eda69973a809d1ec
22,TürkmenÄlem 52°E / MonacoSAT,2015-04-27 23:03:00+00:00,1,5e9d0d95eda69973a809d1ec
23,CRS-7,2015-06-28 14:21:00+00:00,0,5e9d0d95eda69973a809d1ec
24,OG-2 Mission 2,2015-12-22 01:29:00+00:00,1,5e9d0d95eda69973a809d1ec
25,Jason 3,2016-01-17 15:42:00+00:00,1,5e9d0d95eda69973a809d1ec
26,SES-9,2016-03-04 23:35:00+00:00,1,5e9d0d95eda69973a809d1ec
27,CRS-8,2016-04-08 20:43:00+00:00,1,5e9d0d95eda69973a809d1ec
28,JCSAT-2B,2016-05-06 05:21:00+00:00,1,5e9d0d95eda69973a809d1ec
29,Thaicom 8,2016-05-27 21:39:00+00:00,1,5e9d0d95eda69973a809d1ec
30,ABS-2A / Eutelsat 117W B,2016-06-15 14:29:00+00:00,1,5e9d0d95eda69973a809d1ec
31,CRS-9,2016-07-18 04:45:00+00:00,1,5e9d0d95eda69973a809d1ec
32,JCSAT-16,2016-08-14 05:26:00+00:00,1,5e9d0d95eda69973a809d1ec
33,Amos-6,2016-09-01 13:07:00+00:00,0,5e9d0d95eda69973a809d1ec
34,Iridium NEXT Mission 1,2017-01-14 17:54:00+00:00,1,5e9d0d95eda69973a809d1ec
35,CRS-10,2017-02-19 14:39:00+00:00,1,5e9d0d95eda69973a809d1ec
36,EchoStar 23,2017-03-16 06:00:00+00:00,1,5e9d0d95eda69973a809d1ec
37,SES-10,2017-03-30 22:27:00+00:00,1,5e9d0d95eda69973a809d1ec
38,NROL-76,2017-05-01 11:15:00+00:00,1,5e9d0d95eda69973a809d1ec
39,Inmarsat-5 F4,2017-05-15 23:21:00+00:00,1,5e9d0d95eda69973a809d1ec
40,CRS-11,2017-06-03 21:07:00+00:00,1,5e9d0d95eda69973a809d1ec
41,BulgariaSat-1,2017-06-23 19:10:00+00:00,1,5e9d0d95eda69973a809d1ec
42,Iridium NEXT Mission 2,2017-06-25 20:25:00+00:00,1,5e9d0d95eda69973a809d1ec
43,Intelsat 35e,2017-07-05 23:35:00+00:00,1,5e9d0d95eda69973a809d1ec
44,CRS-12,2017-08-14 16:31:00+00:00,1,5e9d0d95eda69973a809d1ec
45,FormoSat-5,2017-08-24 18:50:00+00:00,1,5e9d0d95eda69973a809d1ec
46,Boeing X-37B OTV-5,2017-09-07 13:50:00+00:00,1,5e9d0d95eda69973a809d1ec
47,Iridium NEXT Mission 3,2017-10-09 12:37:00+00:00,1,5e9d0d95eda69973a809d1ec
48,SES-11 / Echostar 105,2017-10-11 22:53:00+00:00,1,5e9d0d95eda69973a809d1ec
49,KoreaSat 5A,2017-10-30 19:34:00+00:00,1,5e9d0d95eda69973a809d1ec
50,CRS-13,2017-12-15 15:36:00+00:00,1,5e9d0d95eda69973a809d1ec
51,Iridium NEXT Mission 4,2017-12-23 01:27:23+00:00,1,5e9d0d95eda69973a809d1ec
52,ZUMA,2018-01-08 01:00:00+00:00,1,5e9d0d95eda69973a809d1ec
53,SES-16 / GovSat-1,2018-01-31 21:25:00+00:00,1,5e9d0d95eda69973a809d1ec
54,Falcon Heavy Test Flight,2018-02-06 20:45:00+00:00,1,5e9d0d95eda69974db09d1ed
55,Paz / Starlink Demo,2018-02-22 14:17:00+00:00,1,5e9d0d95eda69973a809d1ec
56,Hispasat 30W-6,2018-03-06 05:33:00+00:00,1,5e9d0d95eda69973a809d1ec
57,Iridium NEXT Mission 5,2018-03-30 14:13:51+00:00,1,5e9d0d95eda69973a809d1ec
58,CRS-14,2018-04-02 20:30:41+00:00,1,5e9d0d95eda69973a809d1ec
59,TESS,2018-04-18 22:51:00+00:00,1,5e9d0d95eda69973a809d1ec
60,Bangabandhu-1,2018-05-11 20:14:00+00:00,1,5e9d0d95eda69973a809d1ec
61,Iridium NEXT Mission 6,2018-05-22 19:47:58+00:00,1,5e9d0d95eda69973a809d1ec
62,SES-12,2018-06-04 04:45:00+00:00,1,5e9d0d95eda69973a809d1ec
63,CRS-15,2018-06-29 09:42:00+00:00,1,5e9d0d95eda69973a809d1ec
64,Telstar 19V,2018-07-22 05:50:00+00:00,1,5e9d0d95eda69973a809d1ec
65,Iridium NEXT Mission 7,2018-07-25 11:39:26+00:00,1,5e9d0d95eda69973a809d1ec
66,Merah Putih,2018-08-07 05:18:00+00:00,1,5e9d0d95eda69973a809d1ec
67,Telstar 18V,2018-09-10 04:45:00+00:00,1,5e9d0d95eda69973a809d1ec
68,SAOCOM 1A,2018-10-08 02:22:00+00:00,1,5e9d0d95eda69973a809d1ec
69,Es’hail 2,2018-11-15 20:46:00+00:00,1,5e9d0d95eda69973a809d1ec
70,SSO-A,2018-12-03 18:34:00+00:00,1,5e9d0d95eda69973a809d1ec
71,CRS-16,2018-12-05 18:16:00+00:00,1,5e9d0d95eda69973a809d1ec
72,GPS III SV01,2018-12-23 13:51:00+00:00,1,5e9d0d95eda69973a809d1ec
73,Iridium NEXT Mission 8,2019-01-11 15:31:00+00:00,1,5e9d0d95eda69973a809d1ec
74,Nusantara Satu (PSN-6) / S5 / Beresheet,2019-02-22 01:45:00+00:00,1,5e9d0d95eda69973a809d1ec
75,CCtCap Demo Mission 1,2019-03-02 07:45:00+00:00,1,5e9d0d95eda69973a809d1ec
76,ArabSat 6A,2019-04-11 22:35:00+00:00,1,5e9d0d95eda69974db09d1ed
77,CRS-17,2019-05-04 06:48:00+00:00,1,5e9d0d95eda69973a809d1ec
78,Starlink v0.9,2019-05-24 02:30:00+00:00,1,5e9d0d95eda69973a809d1ec
79,RADARSAT Constellation,2019-06-12 14:17:00+00:00,1,5e9d0d95eda69973a809d1ec
80,STP-2,2019-06-25 03:30:00+00:00,1,5e9d0d95eda69974db09d1ed
81,CRS-18,2019-07-25 22:01:00+00:00,1,5e9d0d95eda69973a809d1ec
82,Amos-17,2019-08-06 22:52:00+00:00,1,5e9d0d95eda69973a809d1ec
83,Starlink-1,2019-11-11 14:56:00+00:00,1,5e9d0d95eda69973a809d1ec
84,CRS-19,2019-12-05 17:29:23+00:00,1,5e9d0d95eda69973a809d1ec
85,JCSat 18 / Kacific 1,2019-12-17 00:10:00+00:00,1,5e9d0d95eda69973a809d1ec
86,Starlink-2,2020-01-07 02:19:00+00:00,1,5e9d0d95eda69973a809d1ec
87,Crew Dragon In Flight Abort Test,2020-01-19 14:00:00+00:00,1,5e9d0d95eda69973a809d1ec
88,Starlink-3,2020-01-29 14:06:00+00:00,1,5e9d0d95eda69973a809d1ec
89,Starlink-4,2020-02-17 15:05:55+00:00,1,5e9d0d95eda69973a809d1ec
90,CRS-20,2020-03-07 04:50:31+00:00,1,5e9d0d95eda69973a809d1ec
91,Starlink-5,2020-03-18 12:16:00+00:00,1,5e9d0d95eda69973a809d1ec
92,Starlink-6,2020-04-22 19:30:00+00:00,1,5e9d0d95eda69973a809d1ec
93,CCtCap Demo Mission 2,2020-05-30 19:22:00+00:00,1,5e9d0d95eda69973a809d1ec
94,Starlink-7,2020-06-04 01:25:00+00:00,1,5e9d0d95eda69973a809d1ec
95,Starlink-8 & SkySat 16-18,2020-06-13 09:21:00+00:00,1,5e9d0d95eda69973a809d1ec
96,GPS III SV03 (Columbus),2020-06-30 19:55:00+00:00,1,5e9d0d95eda69973a809d1ec
97,ANASIS-II,2020-07-20 21:30:00+00:00,1,5e9d0d95eda69973a809d1ec
98,Starlink-9 (v1.0) & BlackSky Global 5-6,2020-08-07 05:12:00+00:00,1,5e9d0d95eda69973a809d1ec
99,Starlink-10 (v1.0) & SkySat 19-21,2020-08-18 14:31:00+00:00,1,5e9d0d95eda69973a809d1ec
100,"SAOCOM 1B, GNOMES-1, Tyvak-0172",2020-08-30 23:18:00+00:00,1,5e9d0d95eda69973a809d1ec
101,Starlink-11 (v1.0),2020-09-03 12:46:00+00:00,1,5e9d0d95eda69973a809d1ec
102,Starlink-12 (v1.0),2020-10-06 11:29:00+00:00,1,5e9d0d95eda69973a809d1ec
103,Starlink-13 (v1.0),2020-10-18 12:25:00+00:00,1,5e9d0d95eda69973a809d1ec
104,Starlink-14 (v1.0),2020-10-24 15:31:00+00:00,1,5e9d0d95eda69973a809d1ec
105,GPS III SV04 (Sacagawea),2020-11-05 23:24:00+00:00,1,5e9d0d95eda69973a809d1ec
106,Crew-1,2020-11-16 00:27:00+00:00,1,5e9d0d95eda69973a809d1ec
107,Sentinel-6 Michael Freilich,2020-11-21 17:17:00+00:00,1,5e9d0d95eda69973a809d1ec
108,Starlink-15 (v1.0),2020-11-25 02:13:00+00:00,1,5e9d0d95eda69973a809d1ec
109,CRS-21,2020-12-06 16:17:00+00:00,1,5e9d0d95eda69973a809d1ec
110,SXM-7,2020-12-13 17:30:00+00:00,1,5e9d0d95eda69973a809d1ec
111,NROL-108,2020-12-19 14:00:00+00:00,1,5e9d0d95eda69973a809d1ec
112,Turksat 5A,2021-01-08 02:15:00+00:00,1,5e9d0d95eda69973a809d1ec
113,Starlink-16 (v1.0),2021-01-20 13:02:00+00:00,1,5e9d0d95eda69973a809d1ec
114,Transporter-1,2021-01-24 15:00:00+00:00,1,5e9d0d95eda69973a809d1ec
115,Starlink-18 (v1.0),2021-02-04 06:19:00+00:00,1,5e9d0d95eda69973a809d1ec
116,Starlink-19 (v1.0),2021-02-16 03:59:00+00:00,1,5e9d0d95eda69973a809d1ec
117,Starlink-17 (v1.0),2021-03-04 08:24:00+00:00,1,5e9d0d95eda69973a809d1ec
118,Starlink-20 (v1.0),2021-03-11 08:13:00+00:00,1,5e9d0d95eda69973a809d1ec
119,Starlink-21 (v1.0),2021-03-14 10:01:00+00:00,1,5e9d0d95eda69973a809d1ec
120,Starlink-22 (v1.0),2021-03-24 08:28:00+00:00,1,5e9d0d95eda69973a809d1ec
121,Starlink-23 (v1.0),2021-04-07 16:34:00+00:00,1,5e9d0d95eda69973a809d1ec
122,Crew-2,2021-04-23 09:49:00+00:00,1,5e9d0d95eda69973a809d1ec
123,Starlink-24 (v1.0),2021-04-29 03:44:00+00:00,1,5e9d0d95eda69973a809d1ec
124,Starlink-25 (v1.0),2021-05-04 19:01:00+00:00,1,5e9d0d95eda69973a809d1ec
125,Starlink-27 (v1.0),2021-05-09 06:42:00+00:00,1,5e9d0d95eda69973a809d1ec
126,Starlink-26 (v1.0) + Capella-6 + Tyvak-0130,2021-05-15 22:54:00+00:00,1,5e9d0d95eda69973a809d1ec
127,Starlink-28 (v1.0),2021-05-26 18:59:00+00:00,1,5e9d0d95eda69973a809d1ec
128,CRS-22 & IROSA,2021-06-03 17:29:00+00:00,1,5e9d0d95eda69973a809d1ec
129,SXM-8,2021-06-06 04:26:00+00:00,1,5e9d0d95eda69973a809d1ec
130,GPS III SV05,2021-06-17 16:09:00+00:00,1,5e9d0d95eda69973a809d1ec
131,Transporter-2,2021-06-30 19:31:00+00:00,1,5e9d0d95eda69973a809d1ec
132,CRS-23,2021-08-29 07:14:00+00:00,1,5e9d0d95eda69973a809d1ec
133,Starlink 2-1 (v1.5),2021-09-14 03:55:00+00:00,1,5e9d0d95eda69973a809d1ec
134,Inspiration4,2021-09-16 00:02:00+00:00,1,5e9d0d95eda69973a809d1ec
135,Crew-3,2021-11-11 02:03:00+00:00,1,5e9d0d95eda69973a809d1ec
136,Starlink 4-1 (v1.5),2021-11-13 12:40:00+00:00,1,5e9d0d95eda69973a809d1ec
137,DART,2021-11-24 06:20:00+00:00,1,5e9d0d95eda69973a809d1ec
138,Starlink 4-3 (v1.5),2021-12-01 23:20:00+00:00,1,5e9d0d95eda69973a809d1ec
139,IXPE,2021-12-09 06:00:00+00:00,1,5e9d0d95eda69973a809d1ec
140,Starlink 4-4 (v1.5),2021-12-18 12:41:40+00:00,1,5e9d0d95eda69973a809d1ec
141,Türksat 5B,2021-12-19 03:58:00+00:00,1,5e9d0d95eda69973a809d1ec
142,CRS-24,2021-12-21 10:06:00+00:00,1,5e9d0d95eda69973a809d1ec
143,Starlink 4-5 (v1.5),2022-01-06 21:49:00+00:00,1,5e9d0d95eda69973a809d1ec
144,Transporter-3,2022-01-13 15:25:00+00:00,1,5e9d0d95eda69973a809d1ec
145,Starlink 4-6 (v1.5),2022-01-19 00:04:00+00:00,1,5e9d0d95eda69973a809d1ec
146,CSG-2,2022-01-31 23:11:12+00:00,1,5e9d0d95eda69973a809d1ec
147,NROL-87,2022-02-02 20:18:00+00:00,1,5e9d0d95eda69973a809d1ec
148,Starlink 4-7 (v1.5),2022-02-03 18:13:00+00:00,1,5e9d0d95eda69973a809d1ec
149,Starlink 4-8 (v1.5),2022-02-21 14:44:00+00:00,1,5e9d0d95eda69973a809d1ec
150,Starlink 4-11 (v1.5),2022-02-25 17:12:00+00:00,1,5e9d0d95eda69973a809d1ec
151,Starlink 4-9 (v1.5),2022-03-03 14:35:00+00:00,1,5e9d0d95eda69973a809d1ec
152,Starlink 4-10 (v1.5),2022-03-09 13:45:00+00:00,1,5e9d0d95eda69973a809d1ec
153,Starlink 4-12 (v1.5),2022-03-19 03:24:00+00:00,1,5e9d0d95eda69973a809d1ec
154,Transporter-4,2022-04-01 16:24:00+00:00,1,5e9d0d95eda69973a809d1ec
155,Ax-1,2022-04-08 15:17:00+00:00,1,5e9d0d95eda69973a809d1ec
156,NROL-85,2022-04-17 13:13:00+00:00,1,5e9d0d95eda69973a809d1ec
157,Starlink 4-14 (v1.5),2022-04-21 15:16:00+00:00,1,5e9d0d95eda69973a809d1ec
158,Crew-4,2022-04-27 07:52:00+00:00,1,5e9d0d95eda69973a809d1ec
159,Starlink 4-16 (v1.5),2022-04-29 21:27:00+00:00,1,5e9d0d95eda69973a809d1ec
160,Starlink 4-17 (v1.5),2022-05-06 09:42:00+00:00,1,5e9d0d95eda69973a809d1ec
161,Starlink 4-13 (v1.5),2022-05-13 22:07:00+00:00,1,5e9d0d95eda69973a809d1ec
162,Starlink 4-15 (v1.5),2022-05-14 20:40:00+00:00,1,5e9d0d95eda69973a809d1ec
163,Starlink 4-18 (v1.5),2022-05-18 10:40:00+00:00,1,5e9d0d95eda69973a809d1ec
164,Transporter-5,2022-05-25 18:27:00+00:00,1,5e9d0d95eda69973a809d1ec
165,Nilesat-301,2022-06-08 21:04:00+00:00,1,5e9d0d95eda69973a809d1ec
166,Starlink 4-19 (v1.5),2022-06-01 17:08:50+00:00,1,5e9d0d95eda69973a809d1ec
167,SARah 1,2022-06-18 14:19:00+00:00,1,5e9d0d95eda69973a809d1ec
168,Globalstar FM15,2022-06-19 04:27:00+00:00,1,5e9d0d95eda69973a809d1ec
169,SES-22,2022-06-29 21:04:00+00:00,1,5e9d0d95eda69973a809d1ec
170,Starlink 4-21 (v1.5),2022-07-07 13:11:00+00:00,1,5e9d0d95eda69973a809d1ec
171,Starlink 3-1 (v1.5),2022-07-11 01:39:00+00:00,Unknown,5e9d0d95eda69973a809d1ec
172,CRS-25,2022-07-15 00:44:00+00:00,1,5e9d0d95eda69973a809d1ec
173,Starlink 4-22 (v1.5),2022-07-17 14:50:00+00:00,1,5e9d0d95eda69973a809d1ec
174,Starlink 3-2 (v1.5),2022-07-21 17:13:00+00:00,1,5e9d0d95eda69973a809d1ec
175,Starlink 4-25 (v1.5),2022-07-24 00:00:00+00:00,1,5e9d0d95eda69973a809d1ec
176,KPLO,2022-08-04 23:08:00+00:00,1,5e9d0d95eda69973a809d1ec
177,Starlink 4-26 (v1.5),2022-08-09 22:57:00+00:00,1,5e9d0d95eda69973a809d1ec
178,Starlink 3-3 (v1.5),2022-08-12 21:30:00+00:00,1,5e9d0d95eda69973a809d1ec
179,Starlink 4-27 (v1.5),2022-08-19 19:24:00+00:00,1,5e9d0d95eda69973a809d1ec
180,Starlink 4-23 (v1.5),2022-08-28 02:22:00+00:00,1,5e9d0d95eda69973a809d1ec
181,Starlink 3-4 (v1.5),2022-08-31 05:40:00+00:00,1,5e9d0d95eda69973a809d1ec
182,Starlink 4-20 (v1.5) & Sherpa LTC-2/Varuna-TDM,2022-09-05 02:09:00+00:00,1,5e9d0d95eda69973a809d1ec
183,Starlink 4-2 (v1.5) & Blue Walker 3,2022-09-11 01:10:00+00:00,1,5e9d0d95eda69973a809d1ec
184,Starlink 4-34 (v1.5),2022-09-17 01:05:00+00:00,1,5e9d0d95eda69973a809d1ec
185,Starlink 4-35 (v1.5),2022-09-24 23:30:00+00:00,1,5e9d0d95eda69973a809d1ec
186,Crew-5,2022-10-05 16:00:00+00:00,1,5e9d0d95eda69973a809d1ec
187,USSF-44,2022-11-01 13:41:00+00:00,Unknown,5e9d0d95eda69974db09d1ed
188,Starlink 4-36 (v1.5),2022-10-20 14:50:00+00:00,Unknown,5e9d0d95eda69973a809d1ec
189,Galaxy 33 (15R) & 34 (12R),2022-10-08 23:05:00+00:00,Unknown,5e9d0d95eda69973a809d1ec
190,Hotbird 13F,2022-10-15 05:22:00+00:00,Unknown,5e9d0d95eda69973a809d1ec
191,Hotbird 13G,2022-11-03 03:24:00+00:00,Unknown,5e9d0d95eda69973a809d1ec
192,Galaxy 31 (23R) & 32 (17R),2022-11-08 00:00:00+00:00,Unknown,5e9d0d95eda69973a809d1ec
193,Eutelsat 10B,2022-11-15 00:00:00+00:00,Unknown,5e9d0d95eda69973a809d1ec
194,ispace Mission 1 & Rashid,2022-11-22 00:00:00+00:00,Unknown,5e9d0d95eda69973a809d1ec
195,CRS-26,2022-11-18 22:00:00+00:00,Unknown,5e9d0d95eda69973a809d1ec
196,Starlink 4-37 (v1.5),2022-11-01 00:00:00+00:00,Unknown,5e9d0d95eda69973a809d1ec
197,"O3b mPower 1,2",2022-11-01 00:00:00+00:00,Unknown,5e9d0d95eda69973a809d1ec
198,SWOT,2022-12-05 00:00:00+00:00,Unknown,5e9d0d95eda69973a809d1ec
199,SES-18 & SES-19,2022-11-01 00:00:00+00:00,Unknown,5e9d0d95eda69973a809d1ec
200,Transporter-6,2022-12-01 00:00:00+00:00,Unknown,5e9d0d95eda69973a809d1ec
201,TTL-1,2022-12-01 00:00:00+00:00,Unknown,5e9d0d95eda69973a809d1ec
202,WorldView Legion 1 & 2,2022-12-01 00:00:00+00:00,Unknown,5e9d0d95eda69973a809d1ec
203,Viasat-3 & Arcturus,2022-12-01 00:00:00+00:00,Unknown,5e9d0d95eda69974db09d1ed
204,O3b mPower 3.4,2022-12-01 00:00:00+00:00,Unknown,5e9d0d95eda69973a809d1ec
